{"cameraMode":{"drawMode":0,"name":"Shaded","section":"Shading Mode"},"sceneLighting":false,"audioPlay":false,"sceneViewState":{"m_AlwaysRefresh":false,"showFog":true,"showSkybox":false,"showFlares":true,"showImageEffects":true,"showParticleSystems":true,"showVisualEffectGraphs":true,"m_FxEnabled":true},"in2DMode":false,"pivot":{"x":0.00022745877504348755,"y":-2.086162567138672e-7,"z":0.12602132558822633},"rotation":{"x":-0.07887914776802063,"y":-0.6879577040672302,"z":-0.07563389837741852,"w":0.7174761891365051},"size":0.27780476212501528,"orthographic":false}